-- --------------------------------------------------------
-- Host:                         127.0.0.1
-- Server version:               9.1.0 - MySQL Community Server - GPL
-- Server OS:                    Win64
-- HeidiSQL Version:             11.3.0.6295
-- --------------------------------------------------------

/*!40101 SET @OLD_CHARACTER_SET_CLIENT=@@CHARACTER_SET_CLIENT */;
/*!40101 SET NAMES utf8 */;
/*!50503 SET NAMES utf8mb4 */;
/*!40014 SET @OLD_FOREIGN_KEY_CHECKS=@@FOREIGN_KEY_CHECKS, FOREIGN_KEY_CHECKS=0 */;
/*!40101 SET @OLD_SQL_MODE=@@SQL_MODE, SQL_MODE='NO_AUTO_VALUE_ON_ZERO' */;
/*!40111 SET @OLD_SQL_NOTES=@@SQL_NOTES, SQL_NOTES=0 */;

-- Dumping structure for table finance.agents
CREATE TABLE IF NOT EXISTS `agents` (
  `id` int NOT NULL AUTO_INCREMENT,
  `name` varchar(100) COLLATE utf8mb4_general_ci NOT NULL,
  `contact_no` varchar(20) COLLATE utf8mb4_general_ci DEFAULT NULL,
  `address` text COLLATE utf8mb4_general_ci,
  `mac_address` varchar(17) COLLATE utf8mb4_general_ci DEFAULT NULL,
  `status` tinyint DEFAULT '1',
  `created_on` timestamp NULL DEFAULT CURRENT_TIMESTAMP,
  `agent_id` varchar(100) COLLATE utf8mb4_general_ci DEFAULT NULL,
  `user_id` int DEFAULT NULL,
  PRIMARY KEY (`id`)
) ENGINE=MyISAM AUTO_INCREMENT=4 DEFAULT CHARSET=utf8mb4 COLLATE=utf8mb4_general_ci;

-- Dumping data for table finance.agents: 3 rows
DELETE FROM `agents`;
/*!40000 ALTER TABLE `agents` DISABLE KEYS */;
INSERT INTO `agents` (`id`, `name`, `contact_no`, `address`, `mac_address`, `status`, `created_on`, `agent_id`, `user_id`) VALUES
	(1, 'Raam', '964525122', 'Karur', '00:1B:1B:2D:99', 1, '2025-05-19 10:35:16', NULL, NULL),
	(2, 'Ramesh', '9942551808', 'Ganapathipalayam', NULL, 1, '2025-05-20 10:46:20', NULL, 1),
	(3, 'Dhilip', '965456545', 'Karur', NULL, 1, '2025-05-21 10:10:04', NULL, 1);
/*!40000 ALTER TABLE `agents` ENABLE KEYS */;

-- Dumping structure for table finance.collections
CREATE TABLE IF NOT EXISTS `collections` (
  `id` int NOT NULL AUTO_INCREMENT,
  `loan_id` int NOT NULL,
  `agent_id` int NOT NULL,
  `collection_date` date NOT NULL,
  `head` enum('EMI','Interest') COLLATE utf8mb4_general_ci NOT NULL,
  `amount` decimal(10,2) NOT NULL,
  `flag` tinyint DEFAULT '0',
  `summary_id` int DEFAULT NULL,
  `user_id` tinyint DEFAULT NULL,
  `created_on` timestamp NULL DEFAULT CURRENT_TIMESTAMP,
  `modified_on` timestamp NULL DEFAULT CURRENT_TIMESTAMP ON UPDATE CURRENT_TIMESTAMP,
  PRIMARY KEY (`id`),
  KEY `loan_id` (`loan_id`),
  KEY `agent_id` (`agent_id`)
) ENGINE=MyISAM AUTO_INCREMENT=203 DEFAULT CHARSET=utf8mb4 COLLATE=utf8mb4_general_ci;

-- Dumping data for table finance.collections: 136 rows
DELETE FROM `collections`;
/*!40000 ALTER TABLE `collections` DISABLE KEYS */;
INSERT INTO `collections` (`id`, `loan_id`, `agent_id`, `collection_date`, `head`, `amount`, `flag`, `summary_id`, `user_id`, `created_on`, `modified_on`) VALUES
	(113, 16, 3, '2025-02-27', 'EMI', 100.00, 1, 22, 1, '2025-05-25 15:51:56', '2025-05-25 15:52:33'),
	(112, 16, 3, '2025-02-26', 'EMI', 100.00, 1, 22, 1, '2025-05-25 15:51:56', '2025-05-25 15:52:33'),
	(111, 16, 3, '2025-02-25', 'EMI', 100.00, 1, 22, 1, '2025-05-25 15:51:56', '2025-05-25 15:52:33'),
	(110, 16, 3, '2025-02-24', 'EMI', 100.00, 1, 22, 1, '2025-05-25 15:51:56', '2025-05-25 15:52:33'),
	(109, 16, 3, '2025-02-23', 'EMI', 100.00, 1, 22, 1, '2025-05-25 15:51:56', '2025-05-25 15:52:33'),
	(108, 16, 3, '2025-02-22', 'EMI', 100.00, 1, 22, 1, '2025-05-25 15:51:56', '2025-05-25 15:52:33'),
	(107, 16, 3, '2025-02-21', 'EMI', 100.00, 1, 22, 1, '2025-05-25 15:51:56', '2025-05-25 15:52:33'),
	(106, 16, 3, '2025-02-20', 'EMI', 100.00, 1, 22, 1, '2025-05-25 15:51:56', '2025-05-25 15:52:33'),
	(105, 16, 3, '2025-02-19', 'EMI', 100.00, 1, 22, 1, '2025-05-25 15:51:56', '2025-05-25 15:52:33'),
	(104, 16, 3, '2025-02-18', 'EMI', 100.00, 1, 22, 1, '2025-05-25 15:51:56', '2025-05-25 15:52:33'),
	(103, 16, 3, '2025-02-17', 'EMI', 100.00, 1, 22, 1, '2025-05-25 15:51:56', '2025-05-25 15:52:33'),
	(102, 16, 3, '2025-02-16', 'EMI', 100.00, 1, 22, 1, '2025-05-25 15:51:56', '2025-05-25 15:52:33'),
	(101, 16, 3, '2025-02-15', 'EMI', 100.00, 1, 22, 1, '2025-05-25 15:51:56', '2025-05-25 15:52:33'),
	(100, 16, 3, '2025-02-14', 'EMI', 100.00, 1, 22, 1, '2025-05-25 15:51:56', '2025-05-25 15:52:33'),
	(99, 16, 3, '2025-02-13', 'EMI', 100.00, 1, 22, 1, '2025-05-25 15:51:56', '2025-05-25 15:52:33'),
	(98, 16, 3, '2025-02-12', 'EMI', 100.00, 1, 22, 1, '2025-05-25 15:51:56', '2025-05-25 15:52:33'),
	(97, 16, 3, '2025-02-11', 'EMI', 100.00, 1, 22, 1, '2025-05-25 15:51:56', '2025-05-25 15:52:33'),
	(96, 16, 3, '2025-02-07', 'EMI', 100.00, 1, 22, 1, '2025-05-25 15:51:56', '2025-05-25 15:52:33'),
	(95, 16, 3, '2025-02-06', 'EMI', 100.00, 1, 22, 1, '2025-05-25 15:51:56', '2025-05-25 15:52:33'),
	(94, 16, 3, '2025-02-05', 'EMI', 100.00, 1, 22, 1, '2025-05-25 15:51:56', '2025-05-25 15:52:33'),
	(93, 16, 3, '2025-02-04', 'EMI', 100.00, 1, 22, 1, '2025-05-25 15:51:56', '2025-05-25 15:52:33'),
	(92, 16, 3, '2025-02-03', 'EMI', 100.00, 1, 22, 1, '2025-05-25 15:51:56', '2025-05-25 15:52:33'),
	(91, 16, 3, '2025-02-02', 'EMI', 100.00, 1, 22, 1, '2025-05-25 15:51:56', '2025-05-25 15:52:33'),
	(90, 16, 3, '2025-02-01', 'EMI', 100.00, 1, 22, 1, '2025-05-25 15:51:56', '2025-05-25 15:52:33'),
	(89, 16, 3, '2025-01-31', 'EMI', 100.00, 1, 22, 1, '2025-05-25 15:51:56', '2025-05-25 15:52:33'),
	(88, 16, 3, '2025-01-30', 'EMI', 100.00, 1, 22, 1, '2025-05-25 15:51:56', '2025-05-25 15:52:33'),
	(87, 16, 3, '2025-01-29', 'EMI', 100.00, 1, 22, 1, '2025-05-25 15:51:56', '2025-05-25 15:52:33'),
	(86, 16, 3, '2025-01-28', 'EMI', 100.00, 1, 22, 1, '2025-05-25 15:51:56', '2025-05-25 15:52:33'),
	(85, 16, 3, '2025-01-27', 'EMI', 100.00, 1, 22, 1, '2025-05-25 15:51:56', '2025-05-25 15:52:33'),
	(84, 16, 3, '2025-01-26', 'EMI', 100.00, 1, 22, 1, '2025-05-25 15:51:56', '2025-05-25 15:52:33'),
	(83, 16, 3, '2025-01-25', 'EMI', 100.00, 1, 22, 1, '2025-05-25 15:51:56', '2025-05-25 15:52:33'),
	(82, 16, 3, '2025-01-24', 'EMI', 100.00, 1, 22, 1, '2025-05-25 15:51:56', '2025-05-25 15:52:33'),
	(81, 16, 3, '2025-01-23', 'EMI', 100.00, 1, 22, 1, '2025-05-25 15:51:56', '2025-05-25 15:52:33'),
	(80, 16, 3, '2025-05-22', 'EMI', 100.00, 1, 22, 1, '2025-05-25 15:51:56', '2025-05-26 19:17:06'),
	(79, 16, 3, '2025-05-21', 'EMI', 1100.00, 1, 22, 1, '2025-05-25 15:51:56', '2025-05-26 19:17:10'),
	(78, 16, 3, '2025-05-20', 'EMI', 2100.00, 1, 22, 1, '2025-05-25 15:51:56', '2025-05-26 19:17:12'),
	(77, 16, 3, '2025-05-19', 'EMI', 3100.00, 1, 22, 1, '2025-05-25 15:51:56', '2025-05-26 19:17:13'),
	(76, 16, 3, '2025-05-18', 'EMI', 900.00, 1, 22, 1, '2025-05-25 15:51:56', '2025-05-26 19:17:19'),
	(75, 16, 3, '2025-05-17', 'EMI', 1400.00, 1, 22, 1, '2025-05-25 15:51:56', '2025-05-26 19:17:22'),
	(74, 16, 3, '2025-05-16', 'EMI', 1600.00, 1, 22, 1, '2025-05-25 15:51:56', '2025-05-26 19:17:25'),
	(73, 16, 3, '2025-05-15', 'EMI', 100.00, 1, 22, 1, '2025-05-25 15:51:56', '2025-05-26 19:16:49'),
	(72, 16, 3, '2025-05-14', 'EMI', 1400.00, 1, 22, 1, '2025-05-25 15:51:56', '2025-05-26 19:17:29'),
	(71, 16, 3, '2025-05-13', 'EMI', 1800.00, 1, 22, 1, '2025-05-25 15:51:56', '2025-05-26 19:17:31'),
	(70, 16, 3, '2025-05-12', 'EMI', 2100.00, 1, 22, 1, '2025-05-25 15:51:56', '2025-05-26 19:17:33'),
	(69, 16, 3, '2025-05-11', 'EMI', 1300.00, 1, 22, 1, '2025-05-25 15:51:56', '2025-05-26 19:17:37'),
	(68, 16, 3, '2025-05-09', 'EMI', 100.00, 1, 22, 1, '2025-05-25 15:51:56', '2025-05-26 19:16:28'),
	(67, 16, 3, '2025-05-08', 'EMI', 100.00, 1, 22, 1, '2025-05-25 15:51:56', '2025-05-26 19:16:25'),
	(66, 16, 3, '2025-05-07', 'EMI', 1600.00, 1, 22, 1, '2025-05-25 15:51:56', '2025-05-26 19:17:40'),
	(65, 16, 3, '2025-05-06', 'EMI', 2400.00, 1, 22, 1, '2025-05-25 15:51:56', '2025-05-26 19:17:45'),
	(64, 16, 3, '2025-05-05', 'EMI', 500.00, 1, 22, 1, '2025-05-25 15:51:56', '2025-05-26 19:17:49'),
	(63, 16, 3, '2025-05-04', 'EMI', 9000.00, 1, 22, 1, '2025-05-25 15:51:56', '2025-05-26 19:40:47'),
	(62, 16, 3, '2025-05-03', 'EMI', 5000.00, 1, 22, 1, '2025-05-25 15:51:56', '2025-05-26 19:40:33'),
	(60, 18, 3, '2025-01-02', 'EMI', 4334.00, 1, 21, 1, '2025-05-25 15:42:51', '2025-05-25 15:53:07'),
	(59, 17, 3, '2025-04-29', 'EMI', 10000.00, 1, 21, 1, '2025-05-25 15:42:38', '2025-05-26 19:41:08'),
	(58, 16, 3, '2025-04-24', 'EMI', 12000.00, 1, 21, 1, '2025-05-25 15:41:58', '2025-05-26 19:41:59'),
	(114, 16, 3, '2025-02-28', 'EMI', 100.00, 1, 22, 1, '2025-05-25 15:51:56', '2025-05-25 15:52:33'),
	(115, 16, 3, '2025-03-01', 'EMI', 100.00, 1, 22, 1, '2025-05-25 15:51:56', '2025-05-25 15:52:33'),
	(116, 16, 3, '2025-03-02', 'EMI', 100.00, 1, 22, 1, '2025-05-25 15:51:56', '2025-05-25 15:52:33'),
	(117, 16, 3, '2025-03-03', 'EMI', 100.00, 1, 22, 1, '2025-05-25 15:51:56', '2025-05-25 15:52:33'),
	(118, 16, 3, '2025-03-04', 'EMI', 100.00, 1, 22, 1, '2025-05-25 15:51:56', '2025-05-25 15:52:33'),
	(119, 16, 3, '2025-03-05', 'EMI', 100.00, 1, 22, 1, '2025-05-25 15:51:56', '2025-05-25 15:52:33'),
	(120, 16, 3, '2025-03-06', 'EMI', 100.00, 1, 22, 1, '2025-05-25 15:51:56', '2025-05-25 15:52:33'),
	(121, 16, 3, '2025-03-07', 'EMI', 100.00, 1, 22, 1, '2025-05-25 15:51:56', '2025-05-25 15:52:33'),
	(122, 16, 3, '2025-03-08', 'EMI', 100.00, 1, 22, 1, '2025-05-25 15:51:56', '2025-05-25 15:52:33'),
	(123, 16, 3, '2025-03-09', 'EMI', 100.00, 1, 22, 1, '2025-05-25 15:51:56', '2025-05-25 15:52:33'),
	(124, 16, 3, '2025-03-10', 'EMI', 100.00, 1, 22, 1, '2025-05-25 15:51:56', '2025-05-25 15:52:33'),
	(125, 16, 3, '2025-03-11', 'EMI', 100.00, 1, 22, 1, '2025-05-25 15:51:56', '2025-05-25 15:52:33'),
	(126, 16, 3, '2025-03-12', 'EMI', 100.00, 1, 22, 1, '2025-05-25 15:51:56', '2025-05-25 15:52:33'),
	(127, 16, 3, '2025-03-13', 'EMI', 100.00, 1, 22, 1, '2025-05-25 15:51:56', '2025-05-25 15:52:33'),
	(128, 16, 3, '2025-03-14', 'EMI', 100.00, 1, 22, 1, '2025-05-25 15:51:56', '2025-05-25 15:52:33'),
	(129, 16, 3, '2025-03-15', 'EMI', 100.00, 1, 22, 1, '2025-05-25 15:51:56', '2025-05-25 15:52:33'),
	(130, 16, 3, '2025-03-16', 'EMI', 100.00, 1, 22, 1, '2025-05-25 15:51:56', '2025-05-25 15:52:33'),
	(131, 16, 3, '2025-03-17', 'EMI', 100.00, 1, 22, 1, '2025-05-25 15:51:56', '2025-05-25 15:52:33'),
	(132, 16, 3, '2025-03-18', 'EMI', 100.00, 1, 22, 1, '2025-05-25 15:51:56', '2025-05-25 15:52:33'),
	(133, 16, 3, '2025-03-19', 'EMI', 100.00, 1, 22, 1, '2025-05-25 15:51:56', '2025-05-25 15:52:33'),
	(134, 16, 3, '2025-03-20', 'EMI', 100.00, 1, 22, 1, '2025-05-25 15:51:56', '2025-05-25 15:52:33'),
	(135, 16, 3, '2025-03-21', 'EMI', 100.00, 1, 22, 1, '2025-05-25 15:51:56', '2025-05-25 15:52:33'),
	(136, 16, 3, '2025-03-22', 'EMI', 100.00, 1, 22, 1, '2025-05-25 15:51:56', '2025-05-25 15:52:33'),
	(137, 16, 3, '2025-03-23', 'EMI', 100.00, 1, 22, 1, '2025-05-25 15:51:56', '2025-05-25 15:52:33'),
	(138, 16, 3, '2025-03-24', 'EMI', 100.00, 1, 22, 1, '2025-05-25 15:51:56', '2025-05-25 15:52:33'),
	(139, 16, 3, '2025-03-25', 'EMI', 100.00, 1, 22, 1, '2025-05-25 15:51:56', '2025-05-25 15:52:33'),
	(140, 16, 3, '2025-03-26', 'EMI', 100.00, 1, 22, 1, '2025-05-25 15:51:56', '2025-05-25 15:52:33'),
	(141, 16, 3, '2025-03-27', 'EMI', 100.00, 1, 22, 1, '2025-05-25 15:51:56', '2025-05-25 15:52:33'),
	(142, 16, 3, '2025-03-28', 'EMI', 100.00, 1, 22, 1, '2025-05-25 15:51:56', '2025-05-25 15:52:33'),
	(143, 16, 3, '2025-03-29', 'EMI', 100.00, 1, 22, 1, '2025-05-25 15:51:56', '2025-05-25 15:52:33'),
	(144, 16, 3, '2025-03-30', 'EMI', 100.00, 1, 22, 1, '2025-05-25 15:51:56', '2025-05-25 15:52:33'),
	(145, 16, 3, '2025-03-31', 'EMI', 100.00, 1, 22, 1, '2025-05-25 15:51:56', '2025-05-25 15:52:33'),
	(146, 16, 3, '2025-04-01', 'EMI', 100.00, 1, 22, 1, '2025-05-25 15:51:57', '2025-05-25 15:52:33'),
	(147, 16, 3, '2025-04-02', 'EMI', 100.00, 1, 22, 1, '2025-05-25 15:51:57', '2025-05-25 15:52:33'),
	(148, 16, 3, '2025-04-03', 'EMI', 100.00, 1, 22, 1, '2025-05-25 15:51:57', '2025-05-25 15:52:33'),
	(149, 16, 3, '2025-04-04', 'EMI', 100.00, 1, 22, 1, '2025-05-25 15:51:57', '2025-05-25 15:52:33'),
	(150, 16, 3, '2025-04-05', 'EMI', 100.00, 1, 22, 1, '2025-05-25 15:51:57', '2025-05-25 15:52:33'),
	(151, 16, 3, '2025-04-06', 'EMI', 100.00, 1, 22, 1, '2025-05-25 15:51:57', '2025-05-25 15:52:33'),
	(152, 16, 3, '2025-04-07', 'EMI', 100.00, 1, 22, 1, '2025-05-25 15:51:57', '2025-05-25 15:52:33'),
	(153, 16, 3, '2025-04-08', 'EMI', 100.00, 1, 22, 1, '2025-05-25 15:51:57', '2025-05-25 15:52:33'),
	(154, 16, 3, '2025-04-09', 'EMI', 100.00, 1, 22, 1, '2025-05-25 15:51:57', '2025-05-25 15:52:33'),
	(155, 16, 3, '2025-04-10', 'EMI', 100.00, 1, 22, 1, '2025-05-25 15:51:57', '2025-05-25 15:52:33'),
	(156, 16, 3, '2025-04-11', 'EMI', 100.00, 1, 22, 1, '2025-05-25 15:51:57', '2025-05-25 15:52:33'),
	(157, 16, 3, '2025-04-12', 'EMI', 100.00, 1, 22, 1, '2025-05-25 15:51:57', '2025-05-25 15:52:33'),
	(158, 16, 3, '2025-04-13', 'EMI', 100.00, 1, 22, 1, '2025-05-25 15:51:57', '2025-05-25 15:52:33'),
	(159, 16, 3, '2025-04-14', 'EMI', 100.00, 1, 22, 1, '2025-05-25 15:51:57', '2025-05-25 15:52:33'),
	(160, 16, 3, '2025-05-25', 'EMI', 100.00, 1, 23, 1, '2025-05-25 15:53:33', '2025-05-25 15:53:39'),
	(161, 17, 3, '2025-05-09', 'EMI', 1000.00, 1, 24, 1, '2025-05-25 15:57:51', '2025-05-26 19:16:27'),
	(162, 17, 3, '2025-05-16', 'EMI', 1000.00, 1, 24, 1, '2025-05-25 15:57:51', '2025-05-26 19:16:52'),
	(163, 17, 3, '2025-01-23', 'EMI', 1000.00, 1, 24, 1, '2025-05-25 15:57:51', '2025-05-25 16:02:31'),
	(164, 17, 3, '2025-01-30', 'EMI', 1000.00, 1, 24, 1, '2025-05-25 15:57:51', '2025-05-25 16:02:31'),
	(165, 17, 3, '2025-02-06', 'EMI', 1000.00, 1, 24, 1, '2025-05-25 15:57:51', '2025-05-25 16:02:31'),
	(166, 17, 3, '2025-02-13', 'EMI', 1000.00, 1, 24, 1, '2025-05-25 15:57:51', '2025-05-25 16:02:31'),
	(167, 17, 3, '2025-02-20', 'EMI', 1000.00, 1, 24, 1, '2025-05-25 15:57:51', '2025-05-25 16:02:31'),
	(168, 17, 3, '2025-02-27', 'EMI', 1000.00, 1, 24, 1, '2025-05-25 15:57:51', '2025-05-25 16:02:31'),
	(169, 17, 3, '2025-03-06', 'EMI', 1000.00, 1, 24, 1, '2025-05-25 15:57:51', '2025-05-25 16:02:31'),
	(170, 18, 3, '2025-02-01', 'EMI', 4334.00, 1, 25, 1, '2025-05-25 16:04:44', '2025-05-25 16:05:04'),
	(171, 18, 3, '2025-03-01', 'Interest', 300.00, 1, 26, 1, '2025-05-25 16:05:41', '2025-05-25 16:05:48'),
	(172, 18, 3, '2025-05-25', 'EMI', 4340.00, 1, 27, 1, '2025-05-25 16:06:04', '2025-05-25 16:07:30'),
	(173, 18, 3, '2025-05-25', 'EMI', 1.00, 1, 27, 1, '2025-05-25 16:07:07', '2025-05-25 16:07:30'),
	(174, 19, 3, '2025-05-25', 'EMI', 100.00, 1, 29, 1, '2025-05-25 19:40:18', '2025-05-25 19:46:22'),
	(175, 19, 3, '2025-05-25', 'EMI', 100.00, 1, 30, 1, '2025-05-25 19:53:43', '2025-05-25 19:54:09'),
	(176, 19, 3, '2025-05-25', 'EMI', 100.00, 1, 31, 1, '2025-05-25 19:56:25', '2025-05-25 20:07:50'),
	(177, 20, 3, '2025-05-25', 'EMI', 1000.00, 1, 31, 1, '2025-05-25 19:56:29', '2025-05-25 20:07:50'),
	(178, 21, 3, '2025-05-25', 'EMI', 1300.00, 1, 31, 1, '2025-05-25 19:56:35', '2025-05-25 20:07:50'),
	(179, 22, 3, '2025-05-24', 'EMI', 100.00, 1, 32, 1, '2025-05-25 20:17:25', '2025-05-25 20:52:05'),
	(180, 20, 3, '2025-05-24', 'EMI', 1300.00, 1, 32, 1, '2025-05-25 20:17:33', '2025-05-25 20:52:05'),
	(181, 22, 3, '2025-05-25', 'EMI', 1000.00, 1, 33, 1, '2025-05-25 20:53:48', '2025-05-25 20:55:32'),
	(182, 22, 3, '2025-05-26', 'EMI', 100.00, 1, 34, 1, '2025-05-26 19:22:50', '2025-06-02 17:22:01'),
	(183, 19, 3, '2025-06-02', 'EMI', 100.00, 1, 42, 1, '2025-06-02 17:26:10', '2025-06-02 18:12:02'),
	(184, 23, 3, '2025-06-02', 'EMI', 1500.00, 1, 42, 1, '2025-06-02 17:28:54', '2025-06-02 18:12:02'),
	(185, 23, 3, '2025-06-02', 'Interest', 500.00, 1, 42, 1, '2025-06-02 17:28:54', '2025-06-02 18:12:02'),
	(195, 24, 3, '2025-07-02', 'EMI', 1000.00, 1, 50, 1, '2025-07-04 16:57:06', '2025-07-04 18:01:30'),
	(194, 20, 3, '2025-06-03', 'Interest', 100.00, 1, 49, 2, '2025-07-04 14:38:41', '2025-07-04 18:00:13'),
	(190, 24, 3, '2025-06-03', 'EMI', 1000.00, 1, 44, 4, '2025-07-04 10:28:57', '2025-07-04 14:42:59'),
	(191, 19, 3, '2025-06-03', 'EMI', 100.00, 1, 49, 2, '2025-07-04 14:31:33', '2025-07-04 18:00:13'),
	(196, 25, 3, '2025-07-04', 'EMI', 1250.00, 1, 50, 1, '2025-07-04 18:01:09', '2025-07-04 18:01:30'),
	(201, 19, 2, '2025-06-04', 'EMI', 500.00, 0, NULL, 1, '2025-09-08 21:28:22', '2025-09-08 21:28:22'),
	(198, 20, 2, '2025-06-04', 'EMI', 100.00, 0, NULL, 1, '2025-07-19 11:16:53', '2025-07-19 11:16:53'),
	(199, 22, 2, '2025-06-04', 'EMI', 500.00, 0, NULL, 1, '2025-08-17 07:21:07', '2025-08-17 07:21:07'),
	(202, 26, 2, '2025-06-04', 'EMI', 100.00, 0, NULL, 1, '2025-09-08 21:28:38', '2025-09-08 21:28:38');
/*!40000 ALTER TABLE `collections` ENABLE KEYS */;

-- Dumping structure for table finance.collections_temp
CREATE TABLE IF NOT EXISTS `collections_temp` (
  `id` int NOT NULL AUTO_INCREMENT,
  `loan_id` int NOT NULL,
  `agent_id` int NOT NULL,
  `collection_date` date NOT NULL,
  `collection_time` time NOT NULL,
  `head` enum('EMI','Interest') COLLATE utf8mb4_general_ci DEFAULT 'EMI',
  `amount` decimal(10,2) NOT NULL,
  `firebase_collection_id` varchar(100) COLLATE utf8mb4_general_ci DEFAULT NULL,
  `sync_status` enum('synced','moved','error') COLLATE utf8mb4_general_ci DEFAULT 'synced',
  `moved_on` timestamp NULL DEFAULT NULL,
  `moved_by` int DEFAULT NULL,
  `created_on` timestamp NULL DEFAULT CURRENT_TIMESTAMP,
  `modified_on` timestamp NULL DEFAULT CURRENT_TIMESTAMP ON UPDATE CURRENT_TIMESTAMP,
  PRIMARY KEY (`id`),
  KEY `idx_collection_date` (`collection_date`),
  KEY `idx_sync_status` (`sync_status`),
  KEY `idx_loan_id` (`loan_id`),
  KEY `idx_agent_id` (`agent_id`)
) ENGINE=MyISAM DEFAULT CHARSET=utf8mb4 COLLATE=utf8mb4_general_ci;

-- Dumping data for table finance.collections_temp: 0 rows
DELETE FROM `collections_temp`;
/*!40000 ALTER TABLE `collections_temp` DISABLE KEYS */;
/*!40000 ALTER TABLE `collections_temp` ENABLE KEYS */;

-- Dumping structure for table finance.customers
CREATE TABLE IF NOT EXISTS `customers` (
  `id` int NOT NULL AUTO_INCREMENT,
  `customer_no` int NOT NULL,
  `line` enum('Daily','Weekly','Monthly') COLLATE utf8mb4_general_ci NOT NULL DEFAULT 'Daily',
  `name` varchar(100) COLLATE utf8mb4_general_ci DEFAULT NULL,
  `address_line1` varchar(255) COLLATE utf8mb4_general_ci DEFAULT NULL,
  `address_line2` varchar(255) COLLATE utf8mb4_general_ci DEFAULT NULL,
  `district` varchar(100) COLLATE utf8mb4_general_ci DEFAULT NULL,
  `pincode` varchar(10) COLLATE utf8mb4_general_ci DEFAULT NULL,
  `contact_no` varchar(15) COLLATE utf8mb4_general_ci DEFAULT NULL,
  `secondary_contact_no` varchar(15) COLLATE utf8mb4_general_ci DEFAULT NULL,
  `aadharcard` varchar(20) COLLATE utf8mb4_general_ci DEFAULT NULL,
  `user_id` tinyint DEFAULT NULL,
  PRIMARY KEY (`id`),
  UNIQUE KEY `customer_no` (`line`,`customer_no`) USING BTREE
) ENGINE=MyISAM AUTO_INCREMENT=16 DEFAULT CHARSET=utf8mb4 COLLATE=utf8mb4_general_ci;

-- Dumping data for table finance.customers: 15 rows
DELETE FROM `customers`;
/*!40000 ALTER TABLE `customers` DISABLE KEYS */;
INSERT INTO `customers` (`id`, `customer_no`, `line`, `name`, `address_line1`, `address_line2`, `district`, `pincode`, `contact_no`, `secondary_contact_no`, `aadharcard`, `user_id`) VALUES
	(1, 1, 'Daily', 'Ramesh N', '10/40, Ganapathipalayam', 'Pallamaruthapatti post', 'Karur', '639002', '9942551808', '9942551808', '', NULL),
	(2, 2, 'Daily', 'Prakash N', 'Pavithram', '', 'Karur', '639002', '9677788624', NULL, '', NULL),
	(3, 3, 'Daily', 'Ranjith', 'Sellandipalayam', '', 'Karur', '639002', '7373737373', '125485458', '', NULL),
	(4, 4, 'Daily', 'Gokul', 'Rayanur', '', 'Karur', '636563', '45855485485', '548784545', '', NULL),
	(5, 5, 'Daily', 'Mani', 'Chennai', '', 'Chennai', '656565', '565685656', '565656565', '', 1),
	(6, 7, 'Daily', 'Sathish', 'Karur', '', 'Karur', '639002', '95656565656', '5656565656', '', 1),
	(7, 9, 'Daily', 'Ramesh N', '10/40, Ganapathipalayam', 'Pallamaruthapatti post', 'Karur', '639002', '9942551808', '9942551808', '', 1),
	(8, 10, 'Daily', 'Ramesh Ns', '10/40, Ganapathipalayam', 'Pallamaruthapatti post', 'Karur', '639002', '9942551808', '9942551808', '', 1),
	(9, 1, 'Weekly', 'Ramesh', 'Ganapathipalayam', '', 'Karur', '639002', '9942551808', '', '', 3),
	(10, 2, 'Weekly', 'Prakash N', 'Pavithram', '', 'Karur', '639002', '9677788624', '', '', 3),
	(11, 3, 'Weekly', 'Prakash N', 'Pavithram', '', 'Karur', '639002', '9677788624', '', '', 3),
	(12, 1, 'Monthly', 'Ramesh Nallamuthu', '10/40, Ganapathipalayam', 'Pallamaruthapatti post', 'Karur', '639002', '9942551808', '', '', 4),
	(13, 2, 'Monthly', 'Prakash', '10/40, Ganapathipalayam', 'Pallamaruthapatti post', 'Karur', '639002', '9942551808', '', '', 4),
	(14, 8, 'Daily', 'Manila', 'Karur', 'Karur', 'karur', '6932222222', '9840559835', '', '32223332222', 1),
	(15, 6, 'Daily', 'Ramesh New', '10/40, Ganapathipalayam', 'Pallamaruthapatti post', 'Karur', '639002', '9942551808', '9942551822', '32223332222', 1);
/*!40000 ALTER TABLE `customers` ENABLE KEYS */;

-- Dumping structure for table finance.day_summary
CREATE TABLE IF NOT EXISTS `day_summary` (
  `id` int NOT NULL AUTO_INCREMENT,
  `line` enum('Daily','Weekly','Monthly') COLLATE utf8mb4_general_ci NOT NULL DEFAULT 'Daily',
  `closure_date` date NOT NULL,
  `total_loans` decimal(10,2) NOT NULL,
  `total_collections` decimal(10,2) NOT NULL,
  `total_investments` decimal(10,2) NOT NULL,
  `total_expenses` decimal(10,2) NOT NULL,
  `total_temp_loans` decimal(10,2) NOT NULL,
  `total_temp_loan_payments` decimal(10,2) NOT NULL,
  `net_amount` decimal(10,2) NOT NULL,
  `user_id` int NOT NULL,
  `created_on` datetime NOT NULL DEFAULT CURRENT_TIMESTAMP,
  PRIMARY KEY (`id`)
) ENGINE=MyISAM AUTO_INCREMENT=51 DEFAULT CHARSET=utf8mb4 COLLATE=utf8mb4_general_ci;

-- Dumping data for table finance.day_summary: 29 rows
DELETE FROM `day_summary`;
/*!40000 ALTER TABLE `day_summary` DISABLE KEYS */;
INSERT INTO `day_summary` (`id`, `line`, `closure_date`, `total_loans`, `total_collections`, `total_investments`, `total_expenses`, `total_temp_loans`, `total_temp_loan_payments`, `net_amount`, `user_id`, `created_on`) VALUES
	(19, 'Daily', '2025-04-22', 0.00, 0.00, 100000.00, 0.00, 0.00, 0.00, 100000.00, 1, '2025-01-01 15:34:43'),
	(20, 'Daily', '2025-04-23', 27800.00, 0.00, 0.00, 0.00, 0.00, 0.00, 72200.00, 1, '2025-01-02 15:40:42'),
	(21, 'Daily', '2025-04-24', 0.00, 5434.00, 0.00, 200.00, 0.00, 0.00, 77434.00, 1, '2025-01-02 15:40:42'),
	(22, 'Daily', '2025-04-25', 0.00, 9800.00, 0.00, 0.00, 0.00, 0.00, 87234.00, 1, '2025-04-14 00:00:00'),
	(23, 'Daily', '2025-04-26', 0.00, 100.00, 0.00, 0.00, 0.00, 0.00, 87334.00, 1, '2025-04-15 15:53:39'),
	(24, 'Daily', '2025-04-27', 0.00, 9000.00, 0.00, 5166.00, 0.00, 0.00, 91168.00, 1, '2025-03-16 00:00:00'),
	(25, 'Daily', '2025-04-28', 0.00, 4334.00, 0.00, 0.00, 0.00, 0.00, 95502.00, 1, '2025-02-01 16:05:04'),
	(26, 'Daily', '2025-04-29', 0.00, 300.00, 0.00, 0.00, 0.00, 0.00, 95802.00, 1, '2025-03-01 16:05:48'),
	(27, 'Daily', '2025-04-30', 0.00, 4341.00, 0.00, 0.00, 0.00, 0.00, 100143.00, 1, '2025-04-01 16:07:30'),
	(28, 'Daily', '2025-05-21', 45000.00, 0.00, 0.00, 0.00, 0.00, 0.00, 55143.00, 1, '2025-05-25 16:27:30'),
	(30, 'Daily', '2025-05-22', 0.00, 100.00, 0.00, 0.00, 0.00, 0.00, 55243.00, 1, '2025-05-25 19:54:09'),
	(31, 'Daily', '2025-05-23', 0.00, 2400.00, 0.00, 0.00, 0.00, 0.00, 57643.00, 1, '2025-05-25 20:07:50'),
	(32, 'Daily', '2025-05-24', 8900.00, 1400.00, 0.00, 100.00, 10000.00, 0.00, 60043.00, 1, '2025-05-25 20:52:05'),
	(33, 'Daily', '2025-05-25', 0.00, 1000.00, 0.00, 200.00, 0.00, 5000.00, 55843.00, 1, '2025-05-25 20:55:32'),
	(34, 'Daily', '2025-05-26', 0.00, 100.00, 0.00, 0.00, 0.00, 0.00, 55943.00, 1, '2025-06-02 17:22:01'),
	(35, 'Daily', '2025-05-27', 0.00, 0.00, 0.00, 0.00, 0.00, 0.00, 55943.00, 1, '2025-06-02 17:24:31'),
	(36, 'Daily', '2025-05-28', 0.00, 0.00, 0.00, 0.00, 0.00, 0.00, 55943.00, 1, '2025-06-02 17:24:33'),
	(37, 'Daily', '2025-05-29', 0.00, 0.00, 0.00, 0.00, 0.00, 0.00, 55943.00, 1, '2025-06-02 17:24:35'),
	(38, 'Daily', '2025-05-30', 0.00, 0.00, 0.00, 0.00, 0.00, 0.00, 55943.00, 1, '2025-06-02 17:24:40'),
	(39, 'Daily', '2025-05-31', 0.00, 0.00, 0.00, 0.00, 0.00, 0.00, 55943.00, 1, '2025-06-02 17:24:43'),
	(40, 'Daily', '2025-06-01', 0.00, 0.00, 0.00, 0.00, 0.00, 0.00, 55943.00, 1, '2025-06-02 17:24:45'),
	(42, 'Daily', '2025-06-02', 10000.00, 2100.00, 0.00, 0.00, 0.00, 0.00, 48043.00, 1, '2025-06-02 18:12:02'),
	(45, 'Weekly', '2025-07-04', 0.00, 0.00, 0.00, 100.00, 0.00, 0.00, -100.00, 1, '2025-07-04 17:55:41'),
	(44, 'Monthly', '2025-07-03', 8900.00, 1000.00, 10000.00, 50.00, 10000.00, 0.00, 12050.00, 4, '2025-07-04 14:42:59'),
	(46, 'Weekly', '2025-07-04', 0.00, 0.00, 0.00, 0.00, 0.00, 0.00, -100.00, 1, '2025-07-04 17:55:43'),
	(47, 'Weekly', '2025-07-04', 0.00, 0.00, 0.00, 0.00, 0.00, 0.00, -100.00, 1, '2025-07-04 17:55:44'),
	(48, 'Weekly', '2025-07-04', 0.00, 0.00, 12500.00, 0.00, 0.00, 0.00, 12400.00, 1, '2025-07-04 17:56:07'),
	(49, 'Daily', '2025-06-03', 0.00, 200.00, 1000.00, 100.00, 5000.00, 1000.00, 53143.00, 1, '2025-07-04 18:00:13'),
	(50, 'Monthly', '2025-07-04', 8800.00, 2250.00, 3000.00, 100.00, 152.00, 1000.00, 7552.00, 1, '2025-07-04 18:01:30');
/*!40000 ALTER TABLE `day_summary` ENABLE KEYS */;

-- Dumping structure for table finance.expenses
CREATE TABLE IF NOT EXISTS `expenses` (
  `id` int NOT NULL AUTO_INCREMENT,
  `agent_id` int NOT NULL,
  `line` enum('Daily','Weekly','Monthly') COLLATE utf8mb4_general_ci NOT NULL DEFAULT 'Daily',
  `category` varchar(100) COLLATE utf8mb4_general_ci NOT NULL,
  `expense_date` date NOT NULL,
  `amount` decimal(10,2) NOT NULL,
  `description` text COLLATE utf8mb4_general_ci,
  `flag` int DEFAULT '0',
  `summary_id` int DEFAULT NULL,
  `user_id` int DEFAULT NULL,
  `created_on` datetime DEFAULT CURRENT_TIMESTAMP,
  `modified_on` datetime DEFAULT CURRENT_TIMESTAMP,
  PRIMARY KEY (`id`)
) ENGINE=MyISAM AUTO_INCREMENT=116 DEFAULT CHARSET=utf8mb4 COLLATE=utf8mb4_general_ci;

-- Dumping data for table finance.expenses: 107 rows
DELETE FROM `expenses`;
/*!40000 ALTER TABLE `expenses` DISABLE KEYS */;
INSERT INTO `expenses` (`id`, `agent_id`, `line`, `category`, `expense_date`, `amount`, `description`, `flag`, `summary_id`, `user_id`, `created_on`, `modified_on`) VALUES
	(15, 3, 'Daily', 'Food', '2025-01-08', 40.00, NULL, 1, 24, NULL, '2025-05-25 16:01:46', '2025-05-25 16:01:46'),
	(14, 3, 'Daily', 'Food', '2025-01-07', 11.00, NULL, 1, 24, NULL, '2025-05-25 16:01:46', '2025-05-25 16:01:46'),
	(13, 3, 'Daily', 'Food', '2025-01-06', 50.00, NULL, 1, 24, NULL, '2025-05-25 16:01:46', '2025-05-25 16:01:46'),
	(12, 3, 'Daily', 'Food', '2025-01-05', 98.00, NULL, 1, 24, NULL, '2025-05-25 16:01:46', '2025-05-25 16:01:46'),
	(11, 3, 'Daily', 'Food', '2025-01-04', 66.00, NULL, 1, 24, NULL, '2025-05-25 16:01:46', '2025-05-25 16:01:46'),
	(10, 3, 'Daily', 'Food', '2025-01-03', 21.00, NULL, 1, 24, NULL, '2025-05-25 16:01:46', '2025-05-25 16:01:46'),
	(9, 3, 'Daily', 'Food', '2025-05-02', 200.00, 'Food', 1, 21, 1, '2025-05-25 15:44:00', '2025-05-25 15:44:00'),
	(16, 3, 'Daily', 'Food', '2025-01-09', 67.00, NULL, 1, 24, NULL, '2025-05-25 16:01:46', '2025-05-25 16:01:46'),
	(17, 3, 'Daily', 'Food', '2025-01-11', 63.00, NULL, 1, 24, NULL, '2025-05-25 16:01:46', '2025-05-25 16:01:46'),
	(18, 3, 'Daily', 'Food', '2025-01-12', 47.00, NULL, 1, 24, NULL, '2025-05-25 16:01:46', '2025-05-25 16:01:46'),
	(19, 3, 'Daily', 'Food', '2025-01-13', 50.00, NULL, 1, 24, NULL, '2025-05-25 16:01:46', '2025-05-25 16:01:46'),
	(20, 3, 'Daily', 'Food', '2025-01-14', 78.00, NULL, 1, 24, NULL, '2025-05-25 16:01:46', '2025-05-25 16:01:46'),
	(21, 3, 'Daily', 'Food', '2025-01-15', 14.00, NULL, 1, 24, NULL, '2025-05-25 16:01:46', '2025-05-25 16:01:46'),
	(22, 3, 'Daily', 'Food', '2025-01-16', 81.00, NULL, 1, 24, NULL, '2025-05-25 16:01:46', '2025-05-25 16:01:46'),
	(23, 3, 'Daily', 'Food', '2025-01-17', 65.00, NULL, 1, 24, NULL, '2025-05-25 16:01:46', '2025-05-25 16:01:46'),
	(24, 3, 'Daily', 'Food', '2025-01-18', 44.00, NULL, 1, 24, NULL, '2025-05-25 16:01:46', '2025-05-25 16:01:46'),
	(25, 3, 'Daily', 'Food', '2025-01-19', 80.00, NULL, 1, 24, NULL, '2025-05-25 16:01:46', '2025-05-25 16:01:46'),
	(26, 3, 'Daily', 'Food', '2025-01-20', 83.00, NULL, 1, 24, NULL, '2025-05-25 16:01:46', '2025-05-25 16:01:46'),
	(27, 3, 'Daily', 'Food', '2025-01-21', 27.00, NULL, 1, 24, NULL, '2025-05-25 16:01:46', '2025-05-25 16:01:46'),
	(28, 3, 'Daily', 'Food', '2025-01-22', 63.00, NULL, 1, 24, NULL, '2025-05-25 16:01:46', '2025-05-25 16:01:46'),
	(29, 3, 'Daily', 'Food', '2025-01-23', 21.00, NULL, 1, 24, NULL, '2025-05-25 16:01:46', '2025-05-25 16:01:46'),
	(30, 3, 'Daily', 'Food', '2025-01-24', 21.00, NULL, 1, 24, NULL, '2025-05-25 16:01:46', '2025-05-25 16:01:46'),
	(31, 3, 'Daily', 'Food', '2025-01-25', 78.00, NULL, 1, 24, NULL, '2025-05-25 16:01:46', '2025-05-25 16:01:46'),
	(32, 3, 'Daily', 'Food', '2025-01-26', 98.00, NULL, 1, 24, NULL, '2025-05-25 16:01:46', '2025-05-25 16:01:46'),
	(33, 3, 'Daily', 'Food', '2025-01-27', 18.00, NULL, 1, 24, NULL, '2025-05-25 16:01:46', '2025-05-25 16:01:46'),
	(34, 3, 'Daily', 'Food', '2025-01-28', 30.00, NULL, 1, 24, NULL, '2025-05-25 16:01:46', '2025-05-25 16:01:46'),
	(35, 3, 'Daily', 'Food', '2025-01-29', 80.00, NULL, 1, 24, NULL, '2025-05-25 16:01:46', '2025-05-25 16:01:46'),
	(36, 3, 'Daily', 'Food', '2025-01-30', 30.00, NULL, 1, 24, NULL, '2025-05-25 16:01:46', '2025-05-25 16:01:46'),
	(37, 3, 'Daily', 'Food', '2025-01-31', 94.00, NULL, 1, 24, NULL, '2025-05-25 16:01:46', '2025-05-25 16:01:46'),
	(38, 3, 'Daily', 'Food', '2025-02-01', 23.00, NULL, 1, 24, NULL, '2025-05-25 16:01:46', '2025-05-25 16:01:46'),
	(39, 3, 'Daily', 'Food', '2025-02-02', 41.00, NULL, 1, 24, NULL, '2025-05-25 16:01:46', '2025-05-25 16:01:46'),
	(40, 3, 'Daily', 'Food', '2025-02-03', 37.00, NULL, 1, 24, NULL, '2025-05-25 16:01:46', '2025-05-25 16:01:46'),
	(41, 3, 'Daily', 'Food', '2025-02-04', 25.00, NULL, 1, 24, NULL, '2025-05-25 16:01:46', '2025-05-25 16:01:46'),
	(42, 3, 'Daily', 'Food', '2025-02-05', 100.00, NULL, 1, 24, NULL, '2025-05-25 16:01:46', '2025-05-25 16:01:46'),
	(43, 3, 'Daily', 'Food', '2025-02-06', 31.00, NULL, 1, 24, NULL, '2025-05-25 16:01:46', '2025-05-25 16:01:46'),
	(44, 3, 'Daily', 'Food', '2025-02-07', 51.00, NULL, 1, 24, NULL, '2025-05-25 16:01:46', '2025-05-25 16:01:46'),
	(45, 3, 'Daily', 'Food', '2025-02-11', 50.00, NULL, 1, 24, NULL, '2025-05-25 16:01:46', '2025-05-25 16:01:46'),
	(46, 3, 'Daily', 'Food', '2025-02-12', 73.00, NULL, 1, 24, NULL, '2025-05-25 16:01:46', '2025-05-25 16:01:46'),
	(47, 3, 'Daily', 'Food', '2025-02-13', 17.00, NULL, 1, 24, NULL, '2025-05-25 16:01:46', '2025-05-25 16:01:46'),
	(48, 3, 'Daily', 'Food', '2025-02-14', 43.00, NULL, 1, 24, NULL, '2025-05-25 16:01:46', '2025-05-25 16:01:46'),
	(49, 3, 'Daily', 'Food', '2025-02-15', 71.00, NULL, 1, 24, NULL, '2025-05-25 16:01:46', '2025-05-25 16:01:46'),
	(50, 3, 'Daily', 'Food', '2025-02-16', 86.00, NULL, 1, 24, NULL, '2025-05-25 16:01:46', '2025-05-25 16:01:46'),
	(51, 3, 'Daily', 'Food', '2025-02-17', 93.00, NULL, 1, 24, NULL, '2025-05-25 16:01:46', '2025-05-25 16:01:46'),
	(52, 3, 'Daily', 'Food', '2025-02-18', 92.00, NULL, 1, 24, NULL, '2025-05-25 16:01:46', '2025-05-25 16:01:46'),
	(53, 3, 'Daily', 'Food', '2025-02-19', 47.00, NULL, 1, 24, NULL, '2025-05-25 16:01:46', '2025-05-25 16:01:46'),
	(54, 3, 'Daily', 'Food', '2025-02-20', 54.00, NULL, 1, 24, NULL, '2025-05-25 16:01:46', '2025-05-25 16:01:46'),
	(55, 3, 'Daily', 'Food', '2025-02-21', 14.00, NULL, 1, 24, NULL, '2025-05-25 16:01:46', '2025-05-25 16:01:46'),
	(56, 3, 'Daily', 'Food', '2025-02-22', 78.00, NULL, 1, 24, NULL, '2025-05-25 16:01:46', '2025-05-25 16:01:46'),
	(57, 3, 'Daily', 'Food', '2025-02-23', 48.00, NULL, 1, 24, NULL, '2025-05-25 16:01:46', '2025-05-25 16:01:46'),
	(58, 3, 'Daily', 'Food', '2025-02-24', 71.00, NULL, 1, 24, NULL, '2025-05-25 16:01:46', '2025-05-25 16:01:46'),
	(59, 3, 'Daily', 'Food', '2025-02-25', 85.00, NULL, 1, 24, NULL, '2025-05-25 16:01:46', '2025-05-25 16:01:46'),
	(60, 3, 'Daily', 'Food', '2025-02-26', 52.00, NULL, 1, 24, NULL, '2025-05-25 16:01:46', '2025-05-25 16:01:46'),
	(61, 3, 'Daily', 'Food', '2025-02-27', 93.00, NULL, 1, 24, NULL, '2025-05-25 16:01:46', '2025-05-25 16:01:46'),
	(62, 3, 'Daily', 'Food', '2025-02-28', 22.00, NULL, 1, 24, NULL, '2025-05-25 16:01:46', '2025-05-25 16:01:46'),
	(63, 3, 'Daily', 'Food', '2025-03-01', 37.00, NULL, 1, 24, NULL, '2025-05-25 16:01:46', '2025-05-25 16:01:46'),
	(64, 3, 'Daily', 'Food', '2025-03-02', 77.00, NULL, 1, 24, NULL, '2025-05-25 16:01:46', '2025-05-25 16:01:46'),
	(65, 3, 'Daily', 'Food', '2025-03-03', 21.00, NULL, 1, 24, NULL, '2025-05-25 16:01:46', '2025-05-25 16:01:46'),
	(66, 3, 'Daily', 'Food', '2025-03-04', 45.00, NULL, 1, 24, NULL, '2025-05-25 16:01:46', '2025-05-25 16:01:46'),
	(67, 3, 'Daily', 'Food', '2025-03-05', 95.00, NULL, 1, 24, NULL, '2025-05-25 16:01:46', '2025-05-25 16:01:46'),
	(68, 3, 'Daily', 'Food', '2025-03-06', 17.00, NULL, 1, 24, NULL, '2025-05-25 16:01:46', '2025-05-25 16:01:46'),
	(69, 3, 'Daily', 'Food', '2025-03-07', 42.00, NULL, 1, 24, NULL, '2025-05-25 16:01:46', '2025-05-25 16:01:46'),
	(70, 3, 'Daily', 'Food', '2025-03-08', 68.00, NULL, 1, 24, NULL, '2025-05-25 16:01:46', '2025-05-25 16:01:46'),
	(71, 3, 'Daily', 'Food', '2025-03-09', 66.00, NULL, 1, 24, NULL, '2025-05-25 16:01:46', '2025-05-25 16:01:46'),
	(72, 3, 'Daily', 'Food', '2025-03-10', 38.00, NULL, 1, 24, NULL, '2025-05-25 16:01:46', '2025-05-25 16:01:46'),
	(73, 3, 'Daily', 'Food', '2025-03-11', 34.00, NULL, 1, 24, NULL, '2025-05-25 16:01:46', '2025-05-25 16:01:46'),
	(74, 3, 'Daily', 'Food', '2025-03-12', 94.00, NULL, 1, 24, NULL, '2025-05-25 16:01:46', '2025-05-25 16:01:46'),
	(75, 3, 'Daily', 'Food', '2025-03-13', 20.00, NULL, 1, 24, NULL, '2025-05-25 16:01:46', '2025-05-25 16:01:46'),
	(76, 3, 'Daily', 'Food', '2025-03-14', 61.00, NULL, 1, 24, NULL, '2025-05-25 16:01:46', '2025-05-25 16:01:46'),
	(77, 3, 'Daily', 'Food', '2025-03-15', 93.00, NULL, 1, 24, NULL, '2025-05-25 16:01:46', '2025-05-25 16:01:46'),
	(78, 3, 'Daily', 'Food', '2025-03-16', 43.00, NULL, 1, 24, NULL, '2025-05-25 16:01:46', '2025-05-25 16:01:46'),
	(79, 3, 'Daily', 'Food', '2025-03-17', 94.00, NULL, 1, 24, NULL, '2025-05-25 16:01:46', '2025-05-25 16:01:46'),
	(80, 3, 'Daily', 'Food', '2025-03-18', 79.00, NULL, 1, 24, NULL, '2025-05-25 16:01:46', '2025-05-25 16:01:46'),
	(81, 3, 'Daily', 'Food', '2025-03-19', 48.00, NULL, 1, 24, NULL, '2025-05-25 16:01:46', '2025-05-25 16:01:46'),
	(82, 3, 'Daily', 'Food', '2025-03-20', 89.00, NULL, 1, 24, NULL, '2025-05-25 16:01:46', '2025-05-25 16:01:46'),
	(83, 3, 'Daily', 'Food', '2025-03-21', 72.00, NULL, 1, 24, NULL, '2025-05-25 16:01:46', '2025-05-25 16:01:46'),
	(84, 3, 'Daily', 'Food', '2025-03-22', 20.00, NULL, 1, 24, NULL, '2025-05-25 16:01:46', '2025-05-25 16:01:46'),
	(85, 3, 'Daily', 'Food', '2025-03-23', 22.00, NULL, 1, 24, NULL, '2025-05-25 16:01:46', '2025-05-25 16:01:46'),
	(86, 3, 'Daily', 'Food', '2025-03-24', 49.00, NULL, 1, 24, NULL, '2025-05-25 16:01:46', '2025-05-25 16:01:46'),
	(87, 3, 'Daily', 'Food', '2025-03-25', 11.00, NULL, 1, 24, NULL, '2025-05-25 16:01:46', '2025-05-25 16:01:46'),
	(88, 3, 'Daily', 'Food', '2025-03-26', 58.00, NULL, 1, 24, NULL, '2025-05-25 16:01:46', '2025-05-25 16:01:46'),
	(89, 3, 'Daily', 'Food', '2025-03-27', 10.00, NULL, 1, 24, NULL, '2025-05-25 16:01:46', '2025-05-25 16:01:46'),
	(90, 3, 'Daily', 'Food', '2025-03-28', 29.00, NULL, 1, 24, NULL, '2025-05-25 16:01:46', '2025-05-25 16:01:46'),
	(91, 3, 'Daily', 'Food', '2025-03-29', 54.00, NULL, 1, 24, NULL, '2025-05-25 16:01:46', '2025-05-25 16:01:46'),
	(92, 3, 'Daily', 'Food', '2025-03-30', 51.00, NULL, 1, 24, NULL, '2025-05-25 16:01:46', '2025-05-25 16:01:46'),
	(93, 3, 'Daily', 'Food', '2025-03-31', 25.00, NULL, 1, 24, NULL, '2025-05-25 16:01:46', '2025-05-25 16:01:46'),
	(94, 3, 'Daily', 'Food', '2025-04-01', 62.00, NULL, 1, 24, NULL, '2025-05-25 16:01:46', '2025-05-25 16:01:46'),
	(95, 3, 'Daily', 'Food', '2025-04-02', 99.00, NULL, 1, 24, NULL, '2025-05-25 16:01:46', '2025-05-25 16:01:46'),
	(96, 3, 'Daily', 'Food', '2025-04-03', 53.00, NULL, 1, 24, NULL, '2025-05-25 16:01:46', '2025-05-25 16:01:46'),
	(97, 3, 'Daily', 'Food', '2025-04-04', 17.00, NULL, 1, 24, NULL, '2025-05-25 16:01:46', '2025-05-25 16:01:46'),
	(98, 3, 'Daily', 'Food', '2025-04-05', 36.00, NULL, 1, 24, NULL, '2025-05-25 16:01:46', '2025-05-25 16:01:46'),
	(99, 3, 'Daily', 'Food', '2025-04-06', 85.00, NULL, 1, 24, NULL, '2025-05-25 16:01:46', '2025-05-25 16:01:46'),
	(100, 3, 'Daily', 'Food', '2025-04-07', 51.00, NULL, 1, 24, NULL, '2025-05-25 16:01:46', '2025-05-25 16:01:46'),
	(101, 3, 'Daily', 'Food', '2025-04-08', 46.00, NULL, 1, 24, NULL, '2025-05-25 16:01:46', '2025-05-25 16:01:46'),
	(102, 3, 'Daily', 'Food', '2025-04-09', 20.00, NULL, 1, 24, NULL, '2025-05-25 16:01:46', '2025-05-25 16:01:46'),
	(103, 3, 'Daily', 'Food', '2025-04-10', 55.00, NULL, 1, 24, NULL, '2025-05-25 16:01:46', '2025-05-25 16:01:46'),
	(104, 3, 'Daily', 'Food', '2025-04-11', 28.00, NULL, 1, 24, NULL, '2025-05-25 16:01:46', '2025-05-25 16:01:46'),
	(105, 3, 'Daily', 'Food', '2025-04-12', 28.00, NULL, 1, 24, NULL, '2025-05-25 16:01:46', '2025-05-25 16:01:46'),
	(106, 3, 'Daily', 'Food', '2025-04-13', 51.00, NULL, 1, 24, NULL, '2025-05-25 16:01:46', '2025-05-25 16:01:46'),
	(107, 3, 'Daily', 'Food', '2025-04-14', 58.00, NULL, 1, 24, NULL, '2025-05-25 16:01:46', '2025-05-25 16:01:46'),
	(108, 3, 'Daily', 'Bike', '2025-05-25', 100.00, 'Petrol', 1, 32, 1, '2025-05-25 20:17:58', '2025-05-25 20:17:58'),
	(109, 3, 'Daily', 'Food', '2025-05-25', 200.00, 'Food', 1, 33, 1, '2025-05-25 20:54:03', '2025-05-25 20:54:03'),
	(110, 3, 'Monthly', 'Food', '2025-06-03', 50.00, 'Lunch', 1, 44, 4, '2025-07-04 10:35:52', '2025-07-04 10:35:52'),
	(111, 3, 'Daily', 'Bike', '2025-06-03', 100.00, 'FOod', 1, 49, 2, '2025-07-04 14:39:12', '2025-07-04 14:39:12'),
	(112, 3, 'Weekly', 'Bike', '2025-07-02', 100.00, 'Petrol', 1, 45, 1, '2025-07-04 17:03:13', '2025-07-04 17:03:13'),
	(113, 3, 'Monthly', 'Bike', '2025-07-09', 100.00, 'jasd', 1, 50, 1, '2025-07-04 17:03:35', '2025-07-04 17:03:35'),
	(114, 3, 'Weekly', 'Food', '2025-07-04', 150.00, 'Food', 0, NULL, 1, '2025-07-04 17:59:54', '2025-07-04 17:59:54'),
	(115, 3, 'Daily', 'Food', '2025-06-04', 100000.00, 'Test', 0, NULL, 1, '2025-07-19 11:01:48', '2025-07-19 11:01:48');
/*!40000 ALTER TABLE `expenses` ENABLE KEYS */;

-- Dumping structure for table finance.expense_categories
CREATE TABLE IF NOT EXISTS `expense_categories` (
  `id` int NOT NULL AUTO_INCREMENT,
  `name` varchar(50) COLLATE utf8mb4_general_ci NOT NULL,
  `created_on` datetime DEFAULT CURRENT_TIMESTAMP,
  PRIMARY KEY (`id`),
  UNIQUE KEY `name` (`name`)
) ENGINE=MyISAM AUTO_INCREMENT=4 DEFAULT CHARSET=utf8mb4 COLLATE=utf8mb4_general_ci;

-- Dumping data for table finance.expense_categories: 3 rows
DELETE FROM `expense_categories`;
/*!40000 ALTER TABLE `expense_categories` DISABLE KEYS */;
INSERT INTO `expense_categories` (`id`, `name`, `created_on`) VALUES
	(1, 'Food', '2025-05-24 06:19:05'),
	(2, 'Bike', '2025-05-24 06:19:11'),
	(3, 'Interest', '2025-05-24 06:19:19');
/*!40000 ALTER TABLE `expense_categories` ENABLE KEYS */;

-- Dumping structure for table finance.investments
CREATE TABLE IF NOT EXISTS `investments` (
  `id` int NOT NULL AUTO_INCREMENT,
  `agent_id` int NOT NULL,
  `line` enum('Daily','Weekly','Monthly') COLLATE utf8mb4_general_ci NOT NULL DEFAULT 'Daily',
  `investment_date` date NOT NULL,
  `source` varchar(50) COLLATE utf8mb4_general_ci NOT NULL,
  `amount` decimal(10,2) NOT NULL,
  `description` text COLLATE utf8mb4_general_ci,
  `flag` int DEFAULT '0',
  `summary_id` int DEFAULT NULL,
  `user_id` int DEFAULT NULL,
  `created_on` datetime DEFAULT CURRENT_TIMESTAMP,
  `modified_on` datetime DEFAULT CURRENT_TIMESTAMP,
  PRIMARY KEY (`id`)
) ENGINE=MyISAM AUTO_INCREMENT=14 DEFAULT CHARSET=utf8mb4 COLLATE=utf8mb4_general_ci;

-- Dumping data for table finance.investments: 6 rows
DELETE FROM `investments`;
/*!40000 ALTER TABLE `investments` DISABLE KEYS */;
INSERT INTO `investments` (`id`, `agent_id`, `line`, `investment_date`, `source`, `amount`, `description`, `flag`, `summary_id`, `user_id`, `created_on`, `modified_on`) VALUES
	(8, 1, 'Daily', '2025-01-01', 'Raam', 100000.00, 'Investment', 1, 19, 1, '2025-05-25 15:34:08', '2025-05-25 15:34:08'),
	(9, 3, 'Monthly', '2025-06-03', 'Cash', 10000.00, 'Investment', 1, 44, 4, '2025-07-04 10:39:03', '2025-07-04 10:39:03'),
	(10, 1, 'Daily', '2025-06-03', 'Cash', 1000.00, 'Test', 1, 49, 2, '2025-07-04 14:40:07', '2025-07-04 14:40:07'),
	(11, 3, 'Monthly', '2025-07-01', 'Cash', 3000.00, 'Test', 1, 50, 1, '2025-07-04 17:08:02', '2025-07-04 17:08:02'),
	(12, 3, 'Weekly', '2025-07-04', 'Bank', 12500.00, 'Investment', 1, 48, 1, '2025-07-04 17:56:03', '2025-07-04 17:56:03'),
	(13, 3, 'Daily', '2025-06-04', 'Cash', 10000.00, 'Test', 0, NULL, 1, '2025-07-19 11:29:46', '2025-07-19 11:29:46');
/*!40000 ALTER TABLE `investments` ENABLE KEYS */;

-- Dumping structure for table finance.loans
CREATE TABLE IF NOT EXISTS `loans` (
  `id` int NOT NULL AUTO_INCREMENT,
  `customer_id` int NOT NULL,
  `loan_date` date NOT NULL,
  `loan_closed` date DEFAULT NULL,
  `expiry_date` date DEFAULT NULL,
  `amount` decimal(10,2) NOT NULL,
  `interest` decimal(10,2) DEFAULT NULL,
  `file_charge` decimal(10,2) DEFAULT NULL,
  `loan_type` varchar(50) CHARACTER SET utf8mb4 COLLATE utf8mb4_general_ci NOT NULL,
  `tenure` tinyint NOT NULL,
  `flag` tinyint NOT NULL DEFAULT '0',
  `summary_id` int DEFAULT NULL,
  `status` enum('Open','Closed') CHARACTER SET utf8mb4 COLLATE utf8mb4_general_ci NOT NULL DEFAULT 'Open',
  `created_on` timestamp NOT NULL DEFAULT CURRENT_TIMESTAMP,
  `agent_id` int NOT NULL,
  `user_id` int NOT NULL,
  `modified_on` timestamp NULL DEFAULT CURRENT_TIMESTAMP,
  PRIMARY KEY (`id`),
  KEY `customer_id` (`customer_id`),
  KEY `FK_loans_agents` (`agent_id`)
) ENGINE=MyISAM AUTO_INCREMENT=37 DEFAULT CHARSET=utf8mb4 COLLATE=utf8mb4_general_ci;

-- Dumping data for table finance.loans: 13 rows
DELETE FROM `loans`;
/*!40000 ALTER TABLE `loans` DISABLE KEYS */;
INSERT INTO `loans` (`id`, `customer_id`, `loan_date`, `loan_closed`, `expiry_date`, `amount`, `interest`, `file_charge`, `loan_type`, `tenure`, `flag`, `summary_id`, `status`, `created_on`, `agent_id`, `user_id`, `modified_on`) VALUES
	(28, 14, '2025-06-04', NULL, '2025-09-12', 10000.00, 1200.00, 120.00, 'Daily', 100, 0, NULL, 'Open', '2025-07-19 10:31:45', 2, 1, '2025-07-19 10:31:45'),
	(26, 6, '2025-06-04', NULL, '2025-09-12', 10000.00, 100.00, 150.00, 'Daily', 100, 0, NULL, 'Open', '2025-07-18 21:18:01', 2, 1, '2025-07-18 21:18:01'),
	(25, 13, '2025-07-09', NULL, '2026-05-09', 10000.00, 1200.00, 0.00, 'Monthly', 10, 1, 50, 'Open', '2025-07-04 15:34:36', 2, 4, '2025-07-04 15:34:36'),
	(24, 12, '2025-06-03', NULL, '2025-11-03', 10000.00, 1000.00, 100.00, 'Monthly', 5, 1, 43, 'Open', '2025-07-04 10:14:06', 3, 4, '2025-07-04 10:14:06'),
	(23, 5, '2025-06-02', NULL, '2026-04-02', 15000.00, 5000.00, 0.00, 'Monthly', 10, 1, 42, 'Open', '2025-06-02 17:28:36', 3, 1, '2025-06-02 17:28:36'),
	(22, 4, '2025-05-24', NULL, '2025-09-01', 10000.00, 1000.00, 100.00, 'Daily', 100, 1, 32, 'Open', '2025-05-25 20:17:14', 3, 1, '2025-05-25 20:17:14'),
	(21, 3, '2025-05-01', NULL, '2026-03-01', 13000.00, 3000.00, 0.00, 'Monthly', 10, 1, 28, 'Open', '2025-05-25 16:10:04', 3, 1, '2025-05-25 16:10:04'),
	(20, 2, '2025-03-25', NULL, '2025-06-03', 30000.00, 3600.00, 100.00, 'Daily', 10, 1, 28, 'Open', '2025-05-25 16:09:30', 3, 1, '2025-05-25 16:09:30'),
	(19, 1, '2025-04-15', NULL, '2025-07-24', 10000.00, 1200.00, 100.00, 'Daily', 100, 1, 28, 'Open', '2025-05-25 16:08:48', 3, 1, '2025-05-25 16:08:48'),
	(18, 3, '2025-01-01', '2025-07-04', '2025-04-01', 13000.00, 3000.00, 0.00, 'Monthly', 3, 1, 20, 'Closed', '2025-05-25 15:39:04', 3, 1, '2025-05-25 15:39:04'),
	(17, 2, '2025-01-01', '2025-07-04', '2025-03-12', 10000.00, 1000.00, 100.00, 'Daily', 10, 1, 20, 'Closed', '2025-05-25 15:36:56', 3, 1, '2025-05-25 15:36:56'),
	(16, 1, '2025-01-01', '2025-07-04', '2025-04-11', 10000.00, 1000.00, 100.00, 'Daily', 100, 1, 20, 'Closed', '2025-05-25 15:36:26', 3, 1, '2025-05-25 15:36:26'),
	(36, 1, '2025-06-04', NULL, '2025-09-12', 100000.00, 1000.00, 100.00, 'Daily', 100, 0, NULL, 'Open', '2025-08-17 13:19:08', 3, 1, '2025-08-17 13:19:08');
/*!40000 ALTER TABLE `loans` ENABLE KEYS */;

-- Dumping structure for table finance.notifications
CREATE TABLE IF NOT EXISTS `notifications` (
  `id` int NOT NULL AUTO_INCREMENT,
  `message` varchar(4000) COLLATE utf8mb4_general_ci DEFAULT NULL,
  `created_on` timestamp NULL DEFAULT CURRENT_TIMESTAMP,
  PRIMARY KEY (`id`)
) ENGINE=MyISAM AUTO_INCREMENT=5 DEFAULT CHARSET=utf8mb4 COLLATE=utf8mb4_general_ci;

-- Dumping data for table finance.notifications: 4 rows
DELETE FROM `notifications`;
/*!40000 ALTER TABLE `notifications` DISABLE KEYS */;
INSERT INTO `notifications` (`id`, `message`, `created_on`) VALUES
	(1, 'Loan given to <span class=\'badge bg-danger\'>bad customer</span> (1 # Ramesh N)', '2025-08-17 12:26:43'),
	(2, 'Loan given to <span class=\'badge bg-danger\'>bad customer</span> (1 # Ramesh N)', '2025-08-17 12:27:19'),
	(3, 'Loan given to <span class=\'badge bg-danger\'>bad customer</span> <br />\r\n        Customer No: 1<br /> \r\n        Customer Name :  <br />\r\n        Overdue Count: 2<br />\r\n        Current Loan Amount: 10000', '2025-08-17 13:17:57'),
	(4, 'Loan given to <span class=\'badge bg-danger\'>bad customer</span> <br />\r\n        Customer No: 1<br /> \r\n        Customer Name : Ramesh N <br />\r\n        Overdue Count: 2<br />\r\n        Current Loan Amount: 100000', '2025-08-17 13:19:08');
/*!40000 ALTER TABLE `notifications` ENABLE KEYS */;

-- Dumping structure for table finance.temp_loans
CREATE TABLE IF NOT EXISTS `temp_loans` (
  `id` int NOT NULL AUTO_INCREMENT,
  `line` enum('Daily','Weekly','Monthly') COLLATE utf8mb4_general_ci NOT NULL DEFAULT 'Daily',
  `source_name` varchar(100) COLLATE utf8mb4_general_ci DEFAULT NULL,
  `borrow_date` date DEFAULT NULL,
  `amount` decimal(10,2) DEFAULT NULL,
  `repaid_amount` decimal(10,2) DEFAULT '0.00',
  `repay_date` date DEFAULT NULL,
  `remarks` text COLLATE utf8mb4_general_ci,
  `flag` int DEFAULT '0',
  `user_id` int DEFAULT '0',
  `summary_id` int DEFAULT '0',
  `created_on` datetime DEFAULT CURRENT_TIMESTAMP,
  PRIMARY KEY (`id`)
) ENGINE=MyISAM AUTO_INCREMENT=9 DEFAULT CHARSET=utf8mb4 COLLATE=utf8mb4_general_ci;

-- Dumping data for table finance.temp_loans: 4 rows
DELETE FROM `temp_loans`;
/*!40000 ALTER TABLE `temp_loans` DISABLE KEYS */;
INSERT INTO `temp_loans` (`id`, `line`, `source_name`, `borrow_date`, `amount`, `repaid_amount`, `repay_date`, `remarks`, `flag`, `user_id`, `summary_id`, `created_on`) VALUES
	(5, 'Daily', 'SHREE MULTIPLES', '2025-05-24', 10000.00, 6000.00, NULL, 'Loan', 1, 1, 32, '2025-05-25 20:47:21'),
	(6, 'Monthly', 'SHREE MULTIPLES', '2025-06-03', 10000.00, 1000.00, NULL, 'Loan', 1, 4, 44, '2025-07-04 10:43:28'),
	(7, 'Daily', 'SHREE MULTIPLES', '2025-06-03', 5000.00, 0.00, NULL, 'Test', 1, 2, 49, '2025-07-04 14:39:32'),
	(8, 'Monthly', 'SHREE MULTIPLES', '2025-07-03', 152.00, 0.00, NULL, 'Test', 1, 1, 50, '2025-07-04 17:04:47');
/*!40000 ALTER TABLE `temp_loans` ENABLE KEYS */;

-- Dumping structure for table finance.temp_loan_payments
CREATE TABLE IF NOT EXISTS `temp_loan_payments` (
  `id` int NOT NULL AUTO_INCREMENT,
  `temp_loan_id` int NOT NULL,
  `head` enum('Principal','Interest') CHARACTER SET utf8mb4 COLLATE utf8mb4_general_ci NOT NULL,
  `repaid_date` date NOT NULL,
  `amount` decimal(10,2) NOT NULL DEFAULT '0.00',
  `user_id` int NOT NULL DEFAULT '0',
  `summary_id` int NOT NULL DEFAULT '0',
  `flag` tinyint NOT NULL DEFAULT '0',
  `created_on` timestamp NOT NULL DEFAULT CURRENT_TIMESTAMP,
  PRIMARY KEY (`id`)
) ENGINE=MyISAM AUTO_INCREMENT=16 DEFAULT CHARSET=utf8mb4 COLLATE=utf8mb4_general_ci;

-- Dumping data for table finance.temp_loan_payments: 3 rows
DELETE FROM `temp_loan_payments`;
/*!40000 ALTER TABLE `temp_loan_payments` DISABLE KEYS */;
INSERT INTO `temp_loan_payments` (`id`, `temp_loan_id`, `head`, `repaid_date`, `amount`, `user_id`, `summary_id`, `flag`, `created_on`) VALUES
	(15, 6, 'Principal', '2025-07-01', 1000.00, 1, 50, 1, '2025-07-04 17:05:36'),
	(14, 5, 'Principal', '2025-06-03', 1000.00, 2, 49, 1, '2025-07-04 14:39:52'),
	(12, 5, 'Principal', '2025-05-25', 5000.00, 1, 33, 1, '2025-05-25 20:53:29');
/*!40000 ALTER TABLE `temp_loan_payments` ENABLE KEYS */;

-- Dumping structure for table finance.users
CREATE TABLE IF NOT EXISTS `users` (
  `id` int NOT NULL AUTO_INCREMENT,
  `username` varchar(100) COLLATE utf8mb4_general_ci NOT NULL,
  `password` varchar(255) COLLATE utf8mb4_general_ci NOT NULL,
  `role` varchar(255) COLLATE utf8mb4_general_ci NOT NULL,
  `status` enum('active','inactive') COLLATE utf8mb4_general_ci DEFAULT 'active',
  `line` enum('Daily','Weekly','Monthly') CHARACTER SET utf8mb4 COLLATE utf8mb4_general_ci DEFAULT 'Daily',
  `created_on` timestamp NULL DEFAULT CURRENT_TIMESTAMP,
  PRIMARY KEY (`id`),
  UNIQUE KEY `username` (`username`)
) ENGINE=MyISAM AUTO_INCREMENT=5 DEFAULT CHARSET=utf8mb4 COLLATE=utf8mb4_general_ci;

-- Dumping data for table finance.users: 4 rows
DELETE FROM `users`;
/*!40000 ALTER TABLE `users` DISABLE KEYS */;
INSERT INTO `users` (`id`, `username`, `password`, `role`, `status`, `line`, `created_on`) VALUES
	(1, 'admin', '835e7b465d114bdff10700b1c63f10f2', 'admin', 'active', 'Daily', '2025-05-18 12:06:50'),
	(2, 'daily', '07775c62247200946225b977b9b865ef', 'agent', 'active', 'Daily', '2025-05-24 11:49:40'),
	(3, 'weekly', '07775c62247200946225b977b9b865ef', 'agent', 'active', 'Weekly', '2025-05-24 11:49:40'),
	(4, 'monthly', '07775c62247200946225b977b9b865ef', 'agent', 'active', 'Monthly', '2025-05-24 11:49:40');
/*!40000 ALTER TABLE `users` ENABLE KEYS */;

/*!40101 SET SQL_MODE=IFNULL(@OLD_SQL_MODE, '') */;
/*!40014 SET FOREIGN_KEY_CHECKS=IFNULL(@OLD_FOREIGN_KEY_CHECKS, 1) */;
/*!40101 SET CHARACTER_SET_CLIENT=@OLD_CHARACTER_SET_CLIENT */;
/*!40111 SET SQL_NOTES=IFNULL(@OLD_SQL_NOTES, 1) */;
